"","x","y","vacancy_rate","approximate_date","poa_code"
"1",2.0336234993814,113.2574981212,1.94155711064914,2005-08-01,"4510"
"2",2.0336234993814,113.2574981212,1.94155711064914,2005-08-15,"4510"
"3",6.5366469622975,98.6681654063628,1.69145426410908,2005-08-30,"4510"
"4",6.5366469622975,98.6681654063628,1.69145426410908,2005-09-14,"4510"
"5",7.9663765006186,113.2574981212,1.94155711064914,2005-09-28,"4510"
"6",10.60389396106,159.993887530562,2.74275235766678,2005-10-13,"4510"
"7",10.60389396106,159.993887530562,2.74275235766678,2005-10-28,"4510"
"8",15.112969874867,137.085195719897,2.35003192662681,2005-11-11,"4510"
"9",15.112969874867,137.085195719897,2.35003192662681,2005-11-26,"4510"
"10",19.470734516399,140.231631550513,2.40397082658023,2005-12-11,"4510"
"11",19.470734516399,140.231631550513,2.40397082658023,2005-12-26,"4510"
"12",23.973757979315,206.814814814815,3.54539682539682,2006-01-09,"4510"
"13",23.973757979315,206.814814814815,3.54539682539682,2006-01-24,"4510"
"14",28.331522620847,85.5392156862745,1.46638655462185,2006-02-08,"4510"
"15",28.331522620847,85.5392156862745,1.46638655462185,2006-02-22,"4510"
"16",32.834546083763,149.56475157359,2.56396716983298,2006-03-09,"4510"
"17",32.834546083763,149.56475157359,2.56396716983298,2006-03-24,"4510"
"18",37.337569546679,213.231169871795,3.67358556298774,2006-04-07,"4510"
"19",37.337569546679,213.231169871795,3.67358556298774,2006-04-22,"4510"
"20",41.695334188211,168.481155946198,2.88824838764911,2006-05-07,"4510"
"21",41.695334188211,168.481155946198,2.88824838764911,2006-05-22,"4510"
"22",46.192305200236,137.885126162019,2.36374501992032,2006-06-05,"4510"
"23",46.192305200236,137.885126162019,2.36374501992032,2006-06-20,"4510"
"24",50.550069841767,165.233081711032,2.83256711504626,2006-07-05,"4510"
"25",50.550069841767,165.233081711032,2.83256711504626,2006-07-19,"4510"
"26",55.053093304683,120.988510301109,2.07408874801902,2006-08-03,"4510"
"27",55.053093304683,120.988510301109,2.07408874801902,2006-08-18,"4510"
"28",59.556116767599,120.653891742394,2.06835242986962,2006-09-02,"4510"
"29",59.556116767599,120.653891742394,2.06835242986962,2006-09-16,"4510"
"30",63.623363766362,166.125008206946,2.84785728354765,2006-10-01,"4510"
"31",63.623363766362,166.125008206946,2.84785728354765,2006-10-16,"4510"
"32",68.126387229278,76.5501211287894,1.31228779077925,2006-10-30,"4510"
"33",68.126387229278,76.5501211287894,1.31228779077925,2006-11-14,"4510"
"34",72.490204321701,140.146914789422,2.40251853924724,2006-11-29,"4510"
"35",72.490204321701,140.146914789422,2.40251853924724,2006-12-13,"4510"
"36",76.993227784617,132.945887868724,2.27907236346385,2006-12-28,"4510"
"37",76.993227784617,132.945887868724,2.27907236346385,2007-01-12,"4510"
"38",81.350992426149,123.517760893565,2.11744732960396,2007-01-27,"4510"
"39",81.350992426149,123.517760893565,2.11744732960396,2007-02-10,"4510"
"40",85.854015889065,148.044168123826,2.53790002497988,2007-02-25,"4510"
"41",85.854015889065,148.044168123826,2.53790002497988,2007-03-12,"4510"
"42",90.357039351981,152.656631931043,2.6169708331036,2007-03-26,"4510"
"43",90.357039351981,152.656631931043,2.6169708331036,2007-04-10,"4510"
"44",94.714803993513,113.724362660533,1.94956050275199,2007-04-25,"4510"
"45",94.714803993513,113.724362660533,1.94956050275199,2007-05-09,"4510"
"46",99.211775005538,145.084412287383,2.48716135349799,2007-05-24,"4510"
"47",99.211775005538,145.084412287383,2.48716135349799,2007-06-08,"4510"
"48",103.56953964707,85.8142613958767,1.47110162392931,2007-06-23,"4510"
"49",103.56953964707,85.8142613958767,1.47110162392931,2007-07-07,"4510"
"50",108.07256310999,111.480646373544,1.91109679497504,2007-07-22,"4510"
"51",108.07256310999,111.480646373544,1.91109679497504,2007-08-06,"4510"
"52",112.5755865729,108.56040811248,1.86103556764251,2007-08-20,"4510"
"53",112.5755865729,108.56040811248,1.86103556764251,2007-09-04,"4510"
"54",116.64283357166,99.2273935348291,1.70104103202564,2007-09-19,"4510"
"55",116.64283357166,99.2273935348291,1.70104103202564,2007-10-04,"4510"
"56",121.15190948547,107.160402849423,1.83703547741868,2007-10-18,"4510"
"57",121.15190948547,107.160402849423,1.83703547741868,2007-11-02,"4510"
"58",125.509674127,159.710781621819,2.73789911351691,2007-11-17,"4510"
"59",125.509674127,159.710781621819,2.73789911351691,2007-12-01,"4510"
"60",130.01269758992,97.3323632836183,1.66855479914774,2007-12-16,"4510"
"61",130.01269758992,97.3323632836183,1.66855479914774,2007-12-31,"4510"
"62",134.37046223145,136.664859328875,2.34282615992358,2008-01-14,"4510"
"63",134.37046223145,136.664859328875,2.34282615992358,2008-01-29,"4510"
"64",138.87348569437,205.798012452107,3.52796592775041,2008-02-13,"4510"
"65",138.87348569437,205.798012452107,3.52796592775041,2008-02-28,"4510"
"66",143.37650915728,174.406567910048,2.98982687845797,2008-03-13,"4510"
"67",143.37650915728,174.406567910048,2.98982687845797,2008-03-28,"4510"
"68",147.73427379881,154.753458673288,2.65291643439923,2008-04-12,"4510"
"69",147.73427379881,154.753458673288,2.65291643439923,2008-04-26,"4510"
"70",152.23124481084,178.406486867619,3.0583969177306,2008-05-11,"4510"
"71",152.23124481084,178.406486867619,3.0583969177306,2008-05-26,"4510"
"72",156.58900945237,125.341625788367,2.14871358494344,2008-06-10,"4510"
"73",156.58900945237,125.341625788367,2.14871358494344,2008-06-24,"4510"
"74",161.09203291529,182.308897788612,3.12529539066192,2008-07-09,"4510"
"75",161.09203291529,182.308897788612,3.12529539066192,2008-07-24,"4510"
"76",165.5950563782,131.876658590054,2.26074271868664,2008-08-07,"4510"
"77",165.5950563782,131.876658590054,2.26074271868664,2008-08-22,"4510"
"78",169.80756219835,133.061002178649,2.28104575163399,2008-09-06,"4510"
"79",169.80756219835,133.061002178649,2.28104575163399,2008-09-20,"4510"
"80",174.31058566127,137.237134552915,2.35263659233569,2008-10-05,"4510"
"81",174.31058566127,137.237134552915,2.35263659233569,2008-10-20,"4510"
"82",178.67440275369,166.077498300476,2.84704282800816,2008-11-04,"4510"
"83",178.67440275369,166.077498300476,2.84704282800816,2008-11-18,"4510"
"84",183.17742621661,156.251055921608,2.67858953008471,2008-12-03,"4510"
"85",183.17742621661,156.251055921608,2.67858953008471,2008-12-18,"4510"
"86",187.53519085814,136.770798342851,2.34464225730601,2009-01-01,"4510"
"87",187.53519085814,136.770798342851,2.34464225730601,2009-01-16,"4510"
"88",192.03821432105,166.079479044916,2.84707678362713,2009-01-31,"4510"
"89",192.03821432105,166.079479044916,2.84707678362713,2009-02-14,"4510"
"90",196.54123778397,153.527556440903,2.63190096755834,2009-03-01,"4510"
"91",196.54123778397,153.527556440903,2.63190096755834,2009-03-16,"4510"
"92",200.8990024255,255.361170710238,4.40628122974327,2009-03-31,"4510"
"93",200.8990024255,255.361170710238,4.40628122974327,2009-04-14,"4510"
"94",205.39597343753,260.5759763702,4.49697350209044,2009-04-29,"4510"
"95",205.39597343753,260.5759763702,4.49697350209044,2009-05-14,"4510"
"96",209.75373807906,218.279219013433,3.76137772197275,2009-05-28,"4510"
"97",209.75373807906,218.279219013433,3.76137772197275,2009-06-12,"4510"
"98",214.25676154197,199.110426130218,3.41332159080374,2009-06-27,"4510"
"99",214.25676154197,199.110426130218,3.41332159080374,2009-07-12,"4510"
"100",218.75978500489,149.193418293273,2.55760145645611,2009-07-26,"4510"
"101",218.75978500489,149.193418293273,2.55760145645611,2009-08-10,"4510"
"102",222.82703200365,209.90376904571,3.61571772253408,2009-08-25,"4510"
"103",222.82703200365,209.90376904571,3.61571772253408,2009-09-08,"4510"
"104",227.33005546657,196.671982987772,3.37151970836181,2009-09-23,"4510"
"105",227.33005546657,196.671982987772,3.37151970836181,2009-10-08,"4510"
"106",231.69387255899,184.509648427174,3.16302254446584,2009-10-22,"4510"
"107",231.69387255899,184.509648427174,3.16302254446584,2009-11-06,"4510"
"108",236.19689602191,177.068874868559,3.03546642631816,2009-11-21,"4510"
"109",236.19689602191,177.068874868559,3.03546642631816,2009-12-06,"4510"
"110",240.55466066344,173.359477124183,2.97187675070028,2009-12-20,"4510"
"111",240.55466066344,173.359477124183,2.97187675070028,2010-01-04,"4510"
"112",245.05768412636,194.191367654706,3.32899487408068,2010-01-19,"4510"
"113",245.05768412636,194.191367654706,3.32899487408068,2010-02-02,"4510"
"114",249.56070758927,169.671580036204,2.90865565776349,2010-02-17,"4510"
"115",249.56070758927,169.671580036204,2.90865565776349,2010-03-04,"4510"
"116",253.9184722308,144.519032921811,2.47746913580247,2010-03-19,"4510"
"117",253.9184722308,144.519032921811,2.47746913580247,2010-04-02,"4510"
"118",258.41544324283,164.277308774623,2.81618243613639,2010-04-17,"4510"
"119",258.41544324283,164.277308774623,2.81618243613639,2010-05-02,"4510"
"120",262.77320788436,180.272264631043,3.09038167938931,2010-05-16,"4510"
"121",262.77320788436,180.272264631043,3.09038167938931,2010-05-31,"4510"
"122",267.27623134728,146.631232599342,2.51367827313158,2010-06-15,"4510"
"123",267.27623134728,146.631232599342,2.51367827313158,2010-06-29,"4510"
"124",271.77925481019,160.793051359517,2.75645230902028,2010-07-14,"4510"
"125",271.77925481019,160.793051359517,2.75645230902028,2010-07-29,"4510"
"126",275.84650180895,149.436598557692,2.56177026098901,2010-08-13,"4510"
"127",275.84650180895,149.436598557692,2.56177026098901,2010-08-27,"4510"
"128",280.34952527187,94.7566382703133,1.62439951320537,2010-09-11,"4510"
"129",280.34952527187,94.7566382703133,1.62439951320537,2010-09-26,"4510"
"130",284.71334236429,119.342848647041,2.04587740537785,2010-10-10,"4510"
"131",284.71334236429,119.342848647041,2.04587740537785,2010-10-25,"4510"
"132",289.21636582721,151.417443179017,2.59572759735458,2010-11-09,"4510"
"133",289.21636582721,151.417443179017,2.59572759735458,2010-11-23,"4510"
"134",293.57413046874,178.026289974495,3.05187925670562,2010-12-08,"4510"
"135",293.57413046874,178.026289974495,3.05187925670562,2010-12-23,"4510"
"136",298.07715393166,63.0117601132094,1.08020160194073,2011-01-07,"4510"
"137",298.07715393166,63.0117601132094,1.08020160194073,2011-01-21,"4510"
"138",302.58017739457,78.7867754150889,1.35063043568724,2011-02-05,"4510"
"139",302.58017739457,78.7867754150889,1.35063043568724,2011-02-20,"4510"
"140",306.9379420361,223.361348596822,3.84976258429255,2011-03-06,"4510"
"141",306.9379420361,223.361348596822,3.84976258429255,2011-03-21,"4510"
"142",311.43491304813,233.97491349481,4.03434632164886,2011-04-05,"4510"
"143",311.43491304813,233.97491349481,4.03434632164886,2011-04-20,"4510"
"144",315.79267768966,287.871180605365,4.95207738180626,2011-05-04,"4510"
"145",315.79267768966,287.871180605365,4.95207738180626,2011-05-19,"4510"
"146",320.29570115258,215.862593967076,3.71934946029697,2011-06-03,"4510"
"147",320.29570115258,215.862593967076,3.71934946029697,2011-06-17,"4510"
"148",324.79872461549,200.745632722625,3.44135370381642,2011-07-02,"4510"
"149",324.79872461549,200.745632722625,3.44135370381642,2011-07-17,"4510"
"150",328.86597161426,207.121661721068,3.55065705807546,2011-07-31,"4510"
"151",328.86597161426,207.121661721068,3.55065705807546,2011-08-15,"4510"
"152",333.36899507717,234.727690288714,4.04743809197763,2011-08-30,"4510"
"153",333.36899507717,234.727690288714,4.04743809197763,2011-09-14,"4510"
"154",337.7328121696,211.603936383564,3.64528585014894,2011-09-28,"4510"
"155",337.7328121696,211.603936383564,3.64528585014894,2011-10-13,"4510"
"156",342.23583563251,243.778427550357,4.20484221826709,2011-10-28,"4510"
"157",342.23583563251,243.778427550357,4.20484221826709,2011-11-11,"4510"
"158",346.59360027404,197.462010992564,3.38506304558681,2011-11-26,"4510"
"159",346.59360027404,197.462010992564,3.38506304558681,2011-12-11,"4510"
"160",351.09662373696,152.394741680456,2.61248128595067,2011-12-25,"4510"
"161",351.09662373696,152.394741680456,2.61248128595067,2012-01-09,"4510"
"162",355.59964719988,174.419990829895,2.99005698565534,2012-01-24,"4510"
"163",355.59964719988,174.419990829895,2.99005698565534,2012-02-08,"4510"
"164",359.95741184141,173.191090376875,2.96899012074643,2012-02-22,"4510"
"165",359.95741184141,173.191090376875,2.96899012074643,2012-03-08,"4510"
"166",364.45438285343,171.17209599416,2.93437878847131,2012-03-23,"4510"
"167",364.45438285343,171.17209599416,2.93437878847131,2012-04-06,"4510"
"168",368.81214749496,187.429455670854,3.21307638292892,2012-04-21,"4510"
"169",368.81214749496,187.429455670854,3.21307638292892,2012-05-06,"4510"
"170",373.31517095788,177.487172501476,3.04263724288244,2012-05-21,"4510"
"171",373.31517095788,177.487172501476,3.04263724288244,2012-06-04,"4510"
"172",377.8181944208,165.196811160937,2.83194533418749,2012-06-19,"4510"
"173",377.8181944208,165.196811160937,2.83194533418749,2012-07-04,"4510"
"174",382.03070024094,150.600966969409,2.58173086233273,2012-07-18,"4510"
"175",382.03070024094,150.600966969409,2.58173086233273,2012-08-02,"4510"
"176",386.53372370386,144.728420103674,2.48105863034869,2012-08-17,"4510"
"177",386.53372370386,144.728420103674,2.48105863034869,2012-08-31,"4510"
"178",390.89754079628,129.468501281532,2.21946002196913,2012-09-15,"4510"
"179",390.89754079628,129.468501281532,2.21946002196913,2012-09-30,"4510"
"180",395.4005642592,141.679002377428,2.42878289789876,2012-10-15,"4510"
"181",395.4005642592,141.679002377428,2.42878289789876,2012-10-29,"4510"
"182",399.75832890073,133.527990334273,2.28905126287325,2012-11-13,"4510"
"183",399.75832890073,133.527990334273,2.28905126287325,2012-11-28,"4510"
"184",404.26135236365,138.658988438016,2.37701123036599,2012-12-12,"4510"
"185",404.26135236365,138.658988438016,2.37701123036599,2012-12-27,"4510"
"186",408.76437582656,156.997149474434,2.69137970527602,2013-01-11,"4510"
"187",408.76437582656,156.997149474434,2.69137970527602,2013-01-26,"4510"
"188",413.12214046809,157.395805562961,2.69821380965076,2013-02-09,"4510"
"189",413.12214046809,157.395805562961,2.69821380965076,2013-02-24,"4510"
"190",417.61911148012,160.113031914894,2.74479483282675,2013-03-11,"4510"
"191",417.61911148012,160.113031914894,2.74479483282675,2013-03-25,"4510"
"192",421.97687612165,200.627929601132,3.43933593601941,2013-04-09,"4510"
"193",421.97687612165,200.627929601132,3.43933593601941,2013-04-24,"4510"
"194",426.47989958457,189.372683959767,3.24638886788172,2013-05-08,"4510"
"195",426.47989958457,189.372683959767,3.24638886788172,2013-05-23,"4510"
"196",430.98292304748,171.259132118652,2.93587083631974,2013-06-07,"4510"
"197",430.98292304748,171.259132118652,2.93587083631974,2013-06-22,"4510"
"198",435.05017004624,137.90832455216,2.36414270660846,2013-07-06,"4510"
"199",435.05017004624,137.90832455216,2.36414270660846,2013-07-21,"4510"
"200",439.55319350916,128.409986859396,2.20131406044678,2013-08-05,"4510"
"201",439.55319350916,128.409986859396,2.20131406044678,2013-08-19,"4510"
"202",443.91701060158,114.381227058207,1.96082103528354,2013-09-03,"4510"
"203",443.91701060158,114.381227058207,1.96082103528354,2013-09-18,"4510"
"204",448.4200340645,117.931109657728,2.02167616556106,2013-10-02,"4510"
"205",448.4200340645,117.931109657728,2.02167616556106,2013-10-17,"4510"
"206",452.77779870603,85.7736308669363,1.47040510057605,2013-11-01,"4510"
"207",452.77779870603,85.7736308669363,1.47040510057605,2013-11-16,"4510"
"208",457.28082216895,86.3299049602916,1.47994122789071,2013-11-30,"4510"
"209",457.28082216895,86.3299049602916,1.47994122789071,2013-12-15,"4510"
"210",461.78384563186,78.572974845218,1.34696528306088,2013-12-30,"4510"
"211",461.78384563186,78.572974845218,1.34696528306088,2014-01-13,"4510"
"212",466.1416102734,98.7408751241847,1.69270071641459,2014-01-28,"4510"
"213",466.1416102734,98.7408751241847,1.69270071641459,2014-02-12,"4510"
"214",470.63858128542,125.582848524025,2.15284883184043,2014-02-27,"4510"
"215",470.63858128542,125.582848524025,2.15284883184043,2014-03-13,"4510"
"216",474.99634592695,140.29622941657,2.40507821856977,2014-03-28,"4510"
"217",474.99634592695,140.29622941657,2.40507821856977,2014-04-12,"4510"
"218",479.49936938987,91.3181486724145,1.56545397724139,2014-04-26,"4510"
"219",479.49936938987,91.3181486724145,1.56545397724139,2014-05-11,"4510"
"220",484.00239285278,88.8667779346943,1.52343047888047,2014-05-26,"4510"
"221",484.00239285278,88.8667779346943,1.52343047888047,2014-06-09,"4510"
"222",488.06963985155,93.1441626099581,1.59675707331357,2014-06-24,"4510"
"223",488.06963985155,93.1441626099581,1.59675707331357,2014-07-09,"4510"
"224",492.57266331446,99.6208248125426,1.70778556821502,2014-07-24,"4510"
"225",492.57266331446,99.6208248125426,1.70778556821502,2014-08-07,"4510"
"226",496.93648040689,76.3984527756525,1.30968776186833,2014-08-22,"4510"
"227",496.93648040689,76.3984527756525,1.30968776186833,2014-09-06,"4510"
"228",501.4395038698,66.6030534351145,1.14176663031625,2014-09-20,"4510"
"229",501.4395038698,66.6030534351145,1.14176663031625,2014-10-05,"4510"
"230",505.79726851133,66.4508758568164,1.13915787183114,2014-10-20,"4510"
"231",505.79726851133,66.4508758568164,1.13915787183114,2014-11-04,"4510"
"232",510.30029197425,71.4560114826072,1.2249601968447,2014-11-18,"4510"
"233",510.30029197425,71.4560114826072,1.2249601968447,2014-12-03,"4510"
"234",514.80331543717,58.7987532642574,1.00797862738727,2014-12-18,"4510"
"235",514.80331543717,58.7987532642574,1.00797862738727,2015-01-01,"4510"
"236",519.1610800787,62.3319045217684,1.06854693465889,2015-01-16,"4510"
"237",519.1610800787,62.3319045217684,1.06854693465889,2015-01-31,"4510"
"238",523.65805109072,87.0780391663521,1.49276638570889,2015-02-14,"4510"
"239",523.65805109072,87.0780391663521,1.49276638570889,2015-03-01,"4510"
"240",528.01581573225,89.0715869628885,1.52694149079238,2015-03-16,"4510"
"241",528.01581573225,89.0715869628885,1.52694149079238,2015-03-31,"4510"
"242",532.51883919517,72.8449175537466,1.24877001520708,2015-04-14,"4510"
"243",532.51883919517,72.8449175537466,1.24877001520708,2015-04-29,"4510"
"244",537.02186265809,70.5006455912366,1.20858249584977,2015-05-14,"4510"
"245",537.02186265809,70.5006455912366,1.20858249584977,2015-05-28,"4510"
"246",541.08910965685,64.540996550721,1.10641708372665,2015-06-12,"4510"
"247",541.08910965685,64.540996550721,1.10641708372665,2015-06-27,"4510"
"248",545.59213311976,71.6320437865406,1.22797789348355,2015-07-11,"4510"
"249",545.59213311976,71.6320437865406,1.22797789348355,2015-07-26,"4510"
"250",549.95595021219,78.6914070580448,1.34899554956648,2015-08-10,"4510"
"251",549.95595021219,78.6914070580448,1.34899554956648,2015-08-25,"4510"
"252",554.4589736751,72.0330237358101,1.23485183547103,2015-09-08,"4510"
"253",554.4589736751,72.0330237358101,1.23485183547103,2015-09-23,"4510"
"254",558.81673831664,79.0600930845587,1.35531588144958,2015-10-08,"4510"
"255",558.81673831664,79.0600930845587,1.35531588144958,2015-10-22,"4510"
"256",563.31976177955,81.7632552404439,1.40165580412189,2015-11-06,"4510"
"257",563.31976177955,81.7632552404439,1.40165580412189,2015-11-21,"4510"
"258",567.82278524247,68.7007874015748,1.177727784027,2015-12-06,"4510"
"259",567.82278524247,68.7007874015748,1.177727784027,2015-12-20,"4510"
"260",572.180549884,79.2597593911122,1.35873873241907,2016-01-04,"4510"
"261",572.180549884,79.2597593911122,1.35873873241907,2016-01-19,"4510"
"262",576.67752089602,90.4846480483423,1.55116539511444,2016-02-02,"4510"
"263",576.67752089602,90.4846480483423,1.55116539511444,2016-02-17,"4510"
"264",581.03528553756,87.4419457345392,1.49900478402067,2016-03-03,"4510"
"265",581.03528553756,87.4419457345392,1.49900478402067,2016-03-17,"4510"
"266",585.53830900047,85.8313008130081,1.471393728223,2016-04-01,"4510"
"267",585.53830900047,85.8313008130081,1.471393728223,2016-04-16,"4510"
"268",590.04133246339,76.4419566804576,1.31043354309356,2016-05-01,"4510"
"269",590.04133246339,76.4419566804576,1.31043354309356,2016-05-15,"4510"
"270",594.25383828353,71.3311478063785,1.22281967668077,2016-05-30,"4510"
"271",594.25383828353,71.3311478063785,1.22281967668077,2016-06-14,"4510"
"272",598.75686174645,70.4794216244598,1.20821865641931,2016-06-28,"4510"
"273",598.75686174645,70.4794216244598,1.20821865641931,2016-07-13,"4510"
"274",603.12067883887,61.1836537298997,1.04886263536971,2016-07-28,"4510"
"275",603.12067883887,61.1836537298997,1.04886263536971,2016-08-12,"4510"
"276",607.62370230179,64.5594563075562,1.10673353670096,2016-08-26,"4510"
"277",607.62370230179,64.5594563075562,1.10673353670096,2016-09-10,"4510"
"278",611.98146694332,82.6250953011516,1.4164302051626,2016-09-25,"4510"
"279",611.98146694332,82.6250953011516,1.4164302051626,2016-10-09,"4510"
"280",616.48449040624,71.2672672672672,1.22172458172458,2016-10-24,"4510"
"281",616.48449040624,71.2672672672672,1.22172458172458,2016-11-08,"4510"
"282",620.98751386915,68.5383351368683,1.1749428880606,2016-11-22,"4510"
"283",620.98751386915,68.5383351368683,1.1749428880606,2016-12-07,"4510"
"284",625.34527851069,82.5952667468913,1.41591885851814,2016-12-22,"4510"
"285",625.34527851069,82.5952667468913,1.41591885851814,2017-01-06,"4510"
"286",629.84224952271,90.3818357022404,1.54940289775269,2017-01-20,"4510"
"287",629.84224952271,90.3818357022404,1.54940289775269,2017-02-04,"4510"
"288",634.20001416424,102.391286874046,1.75527920355507,2017-02-19,"4510"
"289",634.20001416424,102.391286874046,1.75527920355507,2017-03-05,"4510"
"290",638.70303762716,89.1416274486143,1.52814218483339,2017-03-20,"4510"
"291",638.70303762716,89.1416274486143,1.52814218483339,2017-04-04,"4510"
"292",643.20606109007,88.5251842009905,1.51757458630269,2017-04-18,"4510"
"293",643.20606109007,88.5251842009905,1.51757458630269,2017-05-03,"4510"
"294",647.27330808884,81.5782049731995,1.39848351382628,2017-05-18,"4510"
"295",647.27330808884,81.5782049731995,1.39848351382628,2017-06-02,"4510"
"296",651.77633155175,93.6128589867699,1.60479186834463,2017-06-16,"4510"
"297",651.77633155175,93.6128589867699,1.60479186834463,2017-07-01,"4510"
"298",656.14014864418,99.3398740310078,1.70296926910299,2017-07-16,"4510"
"299",656.14014864418,99.3398740310078,1.70296926910299,2017-07-30,"4510"
"300",660.64317210709,70.5221467830585,1.20895108770957,2017-08-14,"4510"
"301",660.64317210709,70.5221467830585,1.20895108770957,2017-08-29,"4510"
"302",665.00093674862,79.0614886731391,1.35533980582524,2017-09-13,"4510"
"303",665.00093674862,79.0614886731391,1.35533980582524,2017-09-27,"4510"
"304",669.50396021154,83.3677476820924,1.42916138883587,2017-10-12,"4510"
"305",669.50396021154,83.3677476820924,1.42916138883587,2017-10-27,"4510"
"306",674.00698367446,87.6919959473151,1.50329135909683,2017-11-10,"4510"
"307",674.00698367446,87.6919959473151,1.50329135909683,2017-11-25,"4510"
"308",678.36474831599,99.8113666788365,1.71105200020863,2017-12-10,"4510"
"309",678.36474831599,99.8113666788365,1.71105200020863,2017-12-24,"4510"
"310",682.86171932801,123.984977669509,2.12545676004872,2018-01-08,"4510"
"311",682.86171932801,123.984977669509,2.12545676004872,2018-01-23,"4510"
"312",687.21948396954,126.942615622206,2.1761591249521,2018-02-07,"4510"
"313",687.21948396954,126.942615622206,2.1761591249521,2018-02-21,"4510"
"314",691.72250743246,117.128386624359,2.00791519927473,2018-03-08,"4510"
"315",691.72250743246,117.128386624359,2.00791519927473,2018-03-23,"4510"
"316",696.22553089538,112.96567729327,1.93655446788463,2018-04-06,"4510"
"317",696.22553089538,112.96567729327,1.93655446788463,2018-04-21,"4510"
"318",700.29277789414,83.9181644047765,1.43859710408188,2018-05-06,"4510"
"319",700.29277789414,83.9181644047765,1.43859710408188,2018-05-20,"4510"
"320",704.79580135705,69.7629829070289,1.19593684983478,2018-06-04,"4510"
"321",704.79580135705,69.7629829070289,1.19593684983478,2018-06-19,"4510"
"322",709.15961844948,78.3725298056508,1.34352908238259,2018-07-04,"4510"
"323",709.15961844948,78.3725298056508,1.34352908238259,2018-07-18,"4510"
"324",713.66264191239,68.464933791074,1.17368457927555,2018-08-02,"4510"
"325",713.66264191239,68.464933791074,1.17368457927555,2018-08-17,"4510"
"326",718.02040655393,83.5235640648012,1.43183252682516,2018-08-31,"4510"
"327",718.02040655393,83.5235640648012,1.43183252682516,2018-09-15,"4510"
"328",722.52343001684,94.3127379928756,1.61678979416358,2018-09-30,"4510"
"329",722.52343001684,94.3127379928756,1.61678979416358,2018-10-15,"4510"
"330",727.02645347976,110.854953071847,1.90037062408881,2018-10-29,"4510"
"331",727.02645347976,110.854953071847,1.90037062408881,2018-11-13,"4510"
"332",731.38421812129,123.134358974359,2.11087472527473,2018-11-28,"4510"
"333",731.38421812129,123.134358974359,2.11087472527473,2018-12-12,"4510"
"334",735.88118913331,121.090991212942,2.07584556365044,2018-12-27,"4510"
"335",735.88118913331,121.090991212942,2.07584556365044,2019-01-11,"4510"
"336",740.23895377485,112.60378133991,1.93035053725559,2019-01-25,"4510"
"337",740.23895377485,112.60378133991,1.93035053725559,2019-02-09,"4510"
"338",744.74197723776,89.0232864313338,1.52611348168001,2019-02-24,"4510"
"339",744.74197723776,89.0232864313338,1.52611348168001,2019-03-11,"4510"
"340",749.24500070068,83.3518632900967,1.42888908497309,2019-03-25,"4510"
"341",749.24500070068,83.3518632900967,1.42888908497309,2019-04-09,"4510"
"342",753.31224769944,81.27653435555,1.39331201752372,2019-04-24,"4510"
"343",753.31224769944,81.27653435555,1.39331201752372,2019-05-08,"4510"
"344",757.81527116236,78.4771217559929,1.34532208724559,2019-05-23,"4510"
"345",757.81527116236,78.4771217559929,1.34532208724559,2019-06-07,"4510"
"346",762.17908825478,61.9791021352166,1.06249889374657,2019-06-22,"4510"
"347",762.17908825478,61.9791021352166,1.06249889374657,2019-07-06,"4510"
"348",766.6821117177,66.3607804232804,1.13761337868481,2019-07-21,"4510"
"349",766.6821117177,66.3607804232804,1.13761337868481,2019-08-05,"4510"
"350",771.03987635923,66.4266799073155,1.13874308412541,2019-08-19,"4510"
"351",771.03987635923,66.4266799073155,1.13874308412541,2019-09-03,"4510"
"352",775.54289982214,79.5021537442015,1.36289406418631,2019-09-18,"4510"
"353",775.54289982214,79.5021537442015,1.36289406418631,2019-10-02,"4510"
"354",780.04592328506,87.5284997720019,1.50048856752003,2019-10-17,"4510"
"355",780.04592328506,87.5284997720019,1.50048856752003,2019-11-01,"4510"
"356",784.40368792659,85.4433793933358,1.4647436467429,2019-11-16,"4510"
"357",784.40368792659,85.4433793933358,1.4647436467429,2019-11-30,"4510"
"358",788.90065893862,105.823468328141,1.81411659991099,2019-12-15,"4510"
"359",788.90065893862,105.823468328141,1.81411659991099,2019-12-30,"4510"
"360",793.25842358015,107.366758127546,1.84057299647222,2020-01-13,"4510"
"361",793.25842358015,107.366758127546,1.84057299647222,2020-01-28,"4510"
"362",797.76144704306,87.1410736579276,1.49384697699304,2020-02-12,"4510"
"363",797.76144704306,87.1410736579276,1.49384697699304,2020-02-26,"4510"
"364",802.26447050598,94.4972090310756,1.61995215481844,2020-03-12,"4510"
"365",802.26447050598,94.4972090310756,1.61995215481844,2020-03-27,"4510"
"366",806.47697632613,83.6668751302898,1.43428928794782,2020-04-11,"4510"
"367",806.47697632613,83.6668751302898,1.43428928794782,2020-04-25,"4510"
"368",810.97999978904,72.8266766829431,1.24845731456474,2020-05-10,"4510"
"369",810.97999978904,72.8266766829431,1.24845731456474,2020-05-25,"4510"
"370",815.34381688147,50.3007895726282,0.862299249816483,2020-06-08,"4510"
"371",815.34381688147,50.3007895726282,0.862299249816483,2020-06-23,"4510"
"372",819.84684034438,45.2374979093494,0.775499964160275,2020-07-08,"4510"
"373",819.84684034438,45.2374979093494,0.775499964160275,2020-07-23,"4510"
"374",824.20460498591,44.5525698978738,0.763758341106407,2020-08-06,"4510"
"375",824.20460498591,44.5525698978738,0.763758341106407,2020-08-21,"4510"
"376",828.70762844883,35.0930115635998,0.601594483947425,2020-09-05,"4510"
"377",828.70762844883,35.0930115635998,0.601594483947425,2020-09-19,"4510"
"378",833.21065191175,33.660418501279,0.577035745736211,2020-10-04,"4510"
"379",833.21065191175,33.660418501279,0.577035745736211,2020-10-19,"4510"
"380",837.56841655328,39.5542123158293,0.678072211128502,2020-11-02,"4510"
"381",837.56841655328,39.5542123158293,0.678072211128502,2020-11-17,"4510"
"382",842.0653875653,46.1931173578722,0.791882011849237,2020-12-02,"4510"
"383",842.0653875653,46.1931173578722,0.791882011849237,2020-12-17,"4510"
"384",846.42315220683,37.4321766561514,0.641694456962595,2020-12-31,"4510"
"385",846.42315220683,37.4321766561514,0.641694456962595,2021-01-15,"4510"
"386",850.92617566975,30.8537509472089,0.528921444809295,2021-01-30,"4510"
"387",850.92617566975,30.8537509472089,0.528921444809295,2021-02-13,"4510"
"388",855.42919913267,21.3253265908133,0.365577027271085,2021-02-28,"4510"
"389",855.42919913267,21.3253265908133,0.365577027271085,2021-03-15,"4510"
"390",859.49644613143,38.2772293934025,0.656181075315472,2021-03-30,"4510"
"391",859.49644613143,38.2772293934025,0.656181075315472,2021-04-13,"4510"
"392",863.99946959435,32.4171416508339,0.555722428300009,2021-04-28,"4510"
"393",863.99946959435,32.4171416508339,0.555722428300009,2021-05-13,"4510"
"394",868.36328668677,29.5000211318203,0.505714647974062,2021-05-27,"4510"
"395",868.36328668677,29.5000211318203,0.505714647974062,2021-06-11,"4510"
"396",872.86631014968,37.6507170960782,0.645440864504198,2021-06-26,"4510"
"397",872.86631014968,37.6507170960782,0.645440864504198,2021-07-10,"4510"
"398",877.22407479122,38.4231029810298,0.658681765389082,2021-07-25,"4510"
"399",877.22407479122,38.4231029810298,0.658681765389082,2021-08-09,"4510"
"400",881.72709825413,32.5449304849101,0.557913094027031,2021-08-24,"4510"
"401",881.72709825413,32.5449304849101,0.557913094027031,2021-09-07,"4510"
"402",886.23012171705,31.8376612355736,0.54578847832412,2021-09-22,"4510"
"403",886.23012171705,31.8376612355736,0.54578847832412,2021-10-07,"4510"
"404",890.58788635858,34.0892682719667,0.584387456090858,2021-10-21,"4510"
"405",890.58788635858,34.0892682719667,0.584387456090858,2021-11-05,"4510"
"406",895.0848573706,33.3822216554011,0.572266656949733,2021-11-20,"4510"
"407",895.0848573706,33.3822216554011,0.572266656949733,2021-12-04,"4510"
"408",899.44262201214,39.3569939146346,0.67469132425088,2021-12-19,"4510"
"409",899.44262201214,39.3569939146346,0.67469132425088,2022-01-03,"4510"
"410",903.94564547505,32.7029559587699,0.560622102150341,2022-01-18,"4510"
"411",903.94564547505,32.7029559587699,0.560622102150341,2022-02-01,"4510"
"412",908.44866893797,29.0163724737785,0.497423528121916,2022-02-16,"4510"
"413",908.44866893797,29.0163724737785,0.497423528121916,2022-03-03,"4510"
"414",912.51591593673,23.0879214682031,0.395792939454911,2022-03-17,"4510"
"415",912.51591593673,23.0879214682031,0.395792939454911,2022-04-01,"4510"
"416",917.01893939965,29.8175915246273,0.511158711850754,2022-04-16,"4510"
"417",917.01893939965,29.8175915246273,0.511158711850754,2022-05-01,"4510"
"418",921.38275649207,21.6399401325636,0.370970402272519,2022-05-15,"4510"
"419",921.38275649207,21.6399401325636,0.370970402272519,2022-05-30,"4510"
"420",925.88577995499,23.1561148923419,0.396961969583004,2022-06-14,"4510"
"421",925.88577995499,23.1561148923419,0.396961969583004,2022-06-28,"4510"
"422",930.24354459652,20.1889703046664,0.346096633794281,2022-07-13,"4510"
"423",930.24354459652,20.1889703046664,0.346096633794281,2022-07-28,"4510"
"424",934.74656805943,27.6912849545377,0.474707742077788,2022-08-11,"4510"
"425",934.74656805943,27.6912849545377,0.474707742077788,2022-08-26,"4510"
"426",939.24959152235,28.4690022325262,0.488040038271877,2022-09-10,"4510"
"427",939.24959152235,28.4690022325262,0.488040038271877,2022-09-25,"4510"
"428",943.60735616388,32.2481519683686,0.55282546231489,2022-10-09,"4510"
"429",943.60735616388,32.2481519683686,0.55282546231489,2022-10-24,"4510"
"430",948.10432717591,41.2848969759539,0.707741091016352,2022-11-08,"4510"
"431",948.10432717591,41.2848969759539,0.707741091016352,2022-11-22,"4510"
"432",952.46209181744,43.5817939112087,0.747116467049292,2022-12-07,"4510"
"433",952.46209181744,43.5817939112087,0.747116467049292,2022-12-22,"4510"
"434",962.46209181744,43.5817939112087,0.747116467049292,2023-01-06,"4510"
