"","x","y","median_weekly_rent","approximate_date","poa_code"
"1",0,185.717857142857,212.179383116883,2005-08-01,"6324"
"2",1.4109156695213,185.717857142857,212.179383116883,2005-08-11,"6324"
"3",6.2483408221656,181.978571428571,207.930194805195,2005-08-21,"6324"
"4",7.6592564916869,179.485714285714,205.097402597403,2005-08-31,"6324"
"5",12.295122262971,178.239285714286,203.681006493507,2005-09-10,"6324"
"6",13.697639624936,182.851071428571,208.921672077922,2005-09-20,"6324"
"7",15.108555294457,181.355357142857,207.221996753247,2005-10-01,"6324"
"8",16.519470963978,180.732142857143,206.513798701299,2005-10-11,"6324"
"9",18.53506477758,176.618928571429,201.839691558442,2005-10-21,"6324"
"10",19.945980447101,175.3725,200.423295454545,2005-10-31,"6324"
"11",21.356896116623,172.879642857143,198.71223316913,2005-11-10,"6324"
"12",22.767811786144,171.633214285714,197.279556650246,2005-11-21,"6324"
"13",24.581846218385,171.01,196.563218390805,2005-12-01,"6324"
"14",25.992761887907,170.636071428571,196.13341543514,2005-12-11,"6324"
"15",27.403677557428,170.012857142857,195.417077175698,2005-12-21,"6324"
"16",28.814593226949,169.763571428571,195.130541871921,2005-12-31,"6324"
"17",30.830187040551,169.638928571429,194.987274220033,2006-01-11,"6324"
"18",32.241102710072,169.140357142857,194.414203612479,2006-01-21,"6324"
"19",33.652018379594,169.015714285714,194.270935960591,2006-01-31,"6324"
"20",35.062934049115,168.891071428571,194.127668308703,2006-02-10,"6324"
"21",37.078527862717,168.891071428571,194.127668308703,2006-02-20,"6324"
"22",38.489443532238,170.636071428571,196.13341543514,2006-03-02,"6324"
"23",39.900359201759,169.763571428571,195.130541871921,2006-03-13,"6324"
"24",41.311274871281,176.743571428571,201.981331168831,2006-03-23,"6324"
"25",42.722190540802,180.233571428571,205.94724025974,2006-04-02,"6324"
"26",44.133106210323,181.978571428571,207.930194805195,2006-04-12,"6324"
"27",45.544021879844,182.851071428571,208.921672077922,2006-04-22,"6324"
"28",46.954937549366,177.616071428571,202.972808441558,2006-05-03,"6324"
"29",48.970531362967,175.123214285714,200.140016233766,2006-05-13,"6324"
"30",50.389845340045,173.752142857143,199.715106732348,2006-05-23,"6324"
"31",55.02571111133,171.259285714286,196.849753694581,2006-06-02,"6324"
"32",56.436626780851,171.8825,197.566091954023,2006-06-12,"6324"
"33",61.274051933495,172.256428571429,197.995894909688,2006-06-23,"6324"
"34",62.684967603017,172.381071428571,198.139162561576,2006-07-03,"6324"
"35",64.095883272538,172.755,198.568965517241,2006-07-13,"6324"
"36",65.506798942059,172.381071428571,198.139162561576,2006-07-23,"6324"
"37",67.320833374301,172.131785714286,197.8526272578,2006-08-02,"6324"
"38",68.731749043822,172.007142857143,197.709359605911,2006-08-12,"6324"
"39",70.142664713343,171.8825,197.566091954023,2006-08-23,"6324"
"40",71.553580382865,171.8825,197.566091954023,2006-09-02,"6324"
"41",73.569174196466,171.8825,197.566091954023,2006-09-12,"6324"
"42",74.980089865988,171.8825,197.566091954023,2006-09-22,"6324"
"43",76.391005535509,170.636071428571,196.13341543514,2006-10-02,"6324"
"44",77.80192120503,170.012857142857,195.417077175698,2006-10-13,"6324"
"45",79.817515018632,169.638928571429,194.987274220033,2006-10-23,"6324"
"46",81.228430688153,169.514285714286,194.844006568145,2006-11-02,"6324"
"47",82.639346357674,169.389642857143,194.700738916256,2006-11-12,"6324"
"48",84.050262027196,173.128928571429,198.998768472906,2006-11-22,"6324"
"49",85.864296459437,174.873928571429,201.004515599343,2006-12-03,"6324"
"50",87.266813821402,174.001428571429,200.001642036125,2006-12-13,"6324"
"51",88.677729490923,171.633214285714,197.279556650246,2006-12-23,"6324"
"52",90.088645160445,170.511428571429,195.990147783251,2007-01-02,"6324"
"53",92.104238974046,169.888214285714,195.27380952381,2007-01-12,"6324"
"54",93.515154643568,169.638928571429,194.987274220033,2007-01-22,"6324"
"55",94.926070313089,169.514285714286,194.844006568145,2007-02-02,"6324"
"56",96.33698598261,169.389642857143,194.700738916256,2007-02-12,"6324"
"57",98.151020414852,173.253571428571,199.142036124795,2007-02-22,"6324"
"58",99.561936084373,173.128928571429,198.998768472906,2007-03-04,"6324"
"59",100.97285175389,173.128928571429,198.998768472906,2007-03-14,"6324"
"60",102.38376742342,173.128928571429,198.998768472906,2007-03-25,"6324"
"61",104.39936123702,173.128928571429,198.998768472906,2007-04-04,"6324"
"62",105.81027690654,173.128928571429,198.998768472906,2007-04-14,"6324"
"63",107.22119257606,173.128928571429,198.998768472906,2007-04-24,"6324"
"64",108.63210824558,169.389642857143,194.700738916256,2007-05-04,"6324"
"65",110.64770205918,167.52,192.551724137931,2007-05-15,"6324"
"66",112.0586177287,166.6475,191.548850574713,2007-05-25,"6324"
"67",113.46953339823,166.148928571429,190.975779967159,2007-06-04,"6324"
"68",114.88044906775,169.638928571429,194.987274220033,2007-06-14,"6324"
"69",116.29136473727,171.383928571429,196.99302134647,2007-06-24,"6324"
"70",117.70228040679,179.735,205.380681818182,2007-07-04,"6324"
"71",119.11319607631,172.381071428571,198.139162561576,2007-07-15,"6324"
"72",120.52411174583,179.610357142857,205.239042207792,2007-07-25,"6324"
"73",122.53970555943,183.225,209.346590909091,2007-08-04,"6324"
"74",123.95901953651,177.491428571429,202.831168831169,2007-08-14,"6324"
"75",125.36993520603,174.749285714286,200.861247947455,2007-08-24,"6324"
"76",126.78085087555,173.253571428571,199.142036124795,2007-09-04,"6324"
"77",128.5948853078,172.630357142857,198.425697865353,2007-09-14,"6324"
"78",130.00580097732,172.505714285714,198.282430213465,2007-09-24,"6324"
"79",131.41671664684,179.984285714286,205.663961038961,2007-10-04,"6324"
"80",132.82763231636,183.723571428571,209.913149350649,2007-10-14,"6324"
"81",134.84322612996,185.593214285714,212.037743506494,2007-10-25,"6324"
"82",136.25414179948,176.868214285714,202.122970779221,2007-11-04,"6324"
"83",137.665057469,174.375357142857,200.43144499179,2007-11-14,"6324"
"84",139.07597313853,171.259285714286,196.849753694581,2007-11-24,"6324"
"85",140.89000757077,169.763571428571,195.130541871921,2007-12-04,"6324"
"86",142.30092324029,167.021428571429,191.978653530378,2007-12-14,"6324"
"87",143.71183890981,167.644642857143,192.694991789819,2007-12-25,"6324"
"88",145.12275457933,166.896785714286,191.835385878489,2008-01-04,"6324"
"89",147.13834839293,166.6475,191.548850574713,2008-01-14,"6324"
"90",148.54926406245,167.395357142857,192.408456486043,2008-01-24,"6324"
"91",149.96017973198,167.769285714286,192.838259441708,2008-02-03,"6324"
"92",151.3710954015,168.891071428571,194.127668308703,2008-02-14,"6324"
"93",153.3866892151,169.389642857143,194.700738916256,2008-02-24,"6324"
"94",154.79760488462,171.259285714286,196.849753694581,2008-03-05,"6324"
"95",156.20852055414,172.256428571429,197.995894909688,2008-03-15,"6324"
"96",157.61943622366,170.885357142857,196.419950738916,2008-03-25,"6324"
"97",159.4334706559,170.1375,195.560344827586,2008-04-05,"6324"
"98",160.83598801787,169.763571428571,195.130541871921,2008-04-15,"6324"
"99",162.24690368739,171.508571428571,197.136288998358,2008-04-25,"6324"
"100",163.65781935691,171.757857142857,197.422824302135,2008-05-05,"6324"
"101",165.67341317051,170.012857142857,195.417077175698,2008-05-15,"6324"
"102",167.08432884003,171.01,196.563218390805,2008-05-25,"6324"
"103",168.49524450956,171.508571428571,197.136288998358,2008-06-05,"6324"
"104",169.90616017908,180.981428571429,206.797077922078,2008-06-15,"6324"
"105",171.72019461132,176.369642857143,201.556412337662,2008-06-25,"6324"
"106",175.95294161988,175.123214285714,200.140016233766,2008-07-05,"6324"
"107",177.96853543348,173.502857142857,199.428571428571,2008-07-15,"6324"
"108",179.37945110301,173.752142857143,199.715106732348,2008-07-26,"6324"
"109",180.79036677253,174.624642857143,200.717980295567,2008-08-05,"6324"
"110",182.20128244205,174.998571428571,201.147783251232,2008-08-15,"6324"
"111",184.21687625565,175.247857142857,200.281655844156,2008-08-25,"6324"
"112",185.62779192517,175.3725,200.423295454545,2008-09-04,"6324"
"113",187.03870759469,175.3725,200.423295454545,2008-09-15,"6324"
"114",188.44962326421,184.720714285714,211.046266233766,2008-09-25,"6324"
"115",190.06209831509,189.457142857143,216.428571428571,2008-10-05,"6324"
"116",191.47301398462,189.831071428571,216.85349025974,2008-10-15,"6324"
"117",192.88392965414,191.95,219.261363636364,2008-10-25,"6324"
"118",194.29484532366,194.941428571429,222.660714285714,2008-11-05,"6324"
"119",196.31043913726,194.442857142857,222.094155844156,2008-11-15,"6324"
"120",197.72975311434,194.318214285714,221.952516233766,2008-11-25,"6324"
"121",199.14066878386,184.845357142857,211.187905844156,2008-12-05,"6324"
"122",200.55158445338,177.366785714286,202.689529220779,2008-12-15,"6324"
"123",202.36561888562,173.752142857143,199.715106732348,2008-12-25,"6324"
"124",203.77653455514,170.012857142857,195.417077175698,2009-01-05,"6324"
"125",205.18745022466,170.012857142857,195.417077175698,2009-01-15,"6324"
"126",206.59836589419,171.8825,197.566091954023,2009-01-25,"6324"
"127",208.61395970779,172.755,198.568965517241,2009-02-04,"6324"
"128",210.02487537731,175.123214285714,200.140016233766,2009-02-14,"6324"
"129",211.43579104683,176.245,201.414772727273,2009-02-25,"6324"
"130",212.84670671635,174.998571428571,201.147783251232,2009-03-07,"6324"
"131",214.66074114859,176.245,201.414772727273,2009-03-17,"6324"
"132",216.07165681811,174.998571428571,201.147783251232,2009-03-27,"6324"
"133",217.48257248764,174.375357142857,200.43144499179,2009-04-06,"6324"
"134",218.89348815716,176.245,201.414772727273,2009-04-17,"6324"
"135",220.90908197076,175.621785714286,200.706574675325,2009-04-27,"6324"
"136",222.31999764028,175.247857142857,200.281655844156,2009-05-07,"6324"
"137",223.7309133098,170.636071428571,196.13341543514,2009-05-17,"6324"
"138",225.14182897932,168.267857142857,193.411330049261,2009-05-27,"6324"
"139",227.15742279292,167.146071428571,192.121921182266,2009-06-06,"6324"
"140",228.56833846245,166.522857142857,191.405582922824,2009-06-17,"6324"
"141",229.97925413197,165.775,190.545977011494,2009-06-27,"6324"
"142",231.39016980149,165.401071428571,190.116174055829,2009-07-07,"6324"
"143",233.20420423373,165.276428571429,189.972906403941,2009-07-17,"6324"
"144",234.60672159569,165.151785714286,189.829638752053,2009-07-27,"6324"
"145",236.01763726522,179.984285714286,205.663961038961,2009-08-07,"6324"
"146",237.42855293474,194.816785714286,222.519074675325,2009-08-17,"6324"
"147",239.44414674834,194.692142857143,222.377435064935,2009-08-27,"6324"
"148",240.85506241786,194.692142857143,222.377435064935,2009-09-06,"6324"
"149",242.26597808738,194.5675,222.235795454545,2009-09-16,"6324"
"150",243.6768937569,179.735,205.380681818182,2009-09-27,"6324"
"151",245.49092818914,175.995714285714,201.131493506494,2009-10-07,"6324"
"152",246.90184385867,174.126071428571,200.144909688013,2009-10-17,"6324"
"153",248.31275952819,169.514285714286,194.844006568145,2009-10-27,"6324"
"154",249.72367519771,174.624642857143,200.717980295567,2009-11-06,"6324"
"155",251.73926901131,177.1175,202.40625,2009-11-16,"6324"
"156",253.15018468083,182.103214285714,208.071834415584,2009-11-27,"6324"
"157",254.56110035035,184.720714285714,211.046266233766,2009-12-07,"6324"
"158",255.97201601987,185.967142857143,212.462662337662,2009-12-17,"6324"
"159",257.98760983348,188.335357142857,215.153814935065,2009-12-27,"6324"
"160",259.398525503,191.451428571429,218.694805194805,2010-01-06,"6324"
"161",260.80944117252,193.071785714286,220.53612012987,2010-01-17,"6324"
"162",262.22035684204,175.247857142857,200.281655844156,2010-01-27,"6324"
"163",263.63127251156,181.230714285714,207.080357142857,2010-02-06,"6324"
"164",265.04218818108,176.743571428571,201.981331168831,2010-02-16,"6324"
"165",266.4531038506,170.760714285714,196.276683087028,2010-02-26,"6324"
"166",267.86401952012,171.508571428571,197.136288998358,2010-03-09,"6324"
"167",269.87961333373,171.8825,197.566091954023,2010-03-19,"6324"
"168",271.2989273108,172.131785714286,197.8526272578,2010-03-29,"6324"
"169",272.70984298033,170.262142857143,195.703612479475,2010-04-08,"6324"
"170",274.12075864985,171.259285714286,196.849753694581,2010-04-18,"6324"
"171",275.93479308209,169.888214285714,195.27380952381,2010-04-28,"6324"
"172",277.34570875161,163.656071428571,188.110426929392,2010-05-09,"6324"
"173",278.75662442113,164.279285714286,188.826765188834,2010-05-19,"6324"
"174",280.16754009065,168.267857142857,193.411330049261,2010-05-29,"6324"
"175",282.18313390425,170.262142857143,195.703612479475,2010-06-08,"6324"
"176",283.59404957378,171.259285714286,196.849753694581,2010-06-18,"6324"
"177",285.0049652433,171.757857142857,197.422824302135,2010-06-29,"6324"
"178",286.41588091282,168.267857142857,193.411330049261,2010-07-09,"6324"
"179",288.22991534506,192.573214285714,219.969561688312,2010-07-19,"6324"
"180",289.64083101458,201.048928571429,229.601055194805,2010-07-29,"6324"
"181",291.0517466841,205.286785714286,234.416801948052,2010-08-08,"6324"
"182",292.46266235362,207.405714285714,236.824675324675,2010-08-19,"6324"
"183",294.47825616723,204.663571428571,233.708603896104,2010-08-29,"6324"
"184",295.88917183675,199.677857142857,228.04301948052,2010-09-08,"6324"
"185",297.30008750627,197.185,225.210227272727,2010-09-18,"6324"
"186",298.71100317579,195.813928571429,223.652191558442,2010-09-28,"6324"
"187",300.72659698939,195.190714285714,222.943993506494,2010-10-08,"6324"
"188",302.13751265891,198.680714285714,226.909902597403,2010-10-19,"6324"
"189",303.54842832843,196.686428571429,224.643668831169,2010-10-29,"6324"
"190",304.95934399795,182.601785714286,208.638392857143,2010-11-08,"6324"
"191",306.7733784302,179.236428571429,204.814123376623,2010-11-18,"6324"
"192",308.17589579216,177.616071428571,202.972808441558,2010-11-28,"6324"
"193",309.58681146168,176.868214285714,202.122970779221,2010-12-09,"6324"
"194",310.9977271312,176.369642857143,201.556412337662,2010-12-19,"6324"
"195",313.01332094481,176.245,201.414772727273,2010-12-29,"6324"
"196",314.42423661433,176.120357142857,201.273133116883,2011-01-08,"6324"
"197",315.83515228385,177.865357142857,203.256087662338,2011-01-18,"6324"
"198",317.24606795337,178.8625,204.389204545455,2011-01-29,"6324"
"199",319.06010238561,179.236428571429,204.814123376623,2011-02-08,"6324"
"200",320.47101805513,188.833928571429,215.720373376623,2011-02-18,"6324"
"201",321.88193372465,184.222142857143,210.479707792208,2011-02-28,"6324"
"202",323.29284939417,181.978571428571,207.930194805195,2011-03-10,"6324"
"203",325.30844320778,180.856785714286,206.655438311688,2011-03-20,"6324"
"204",326.7193588773,183.972857142857,210.196428571429,2011-03-31,"6324"
"205",328.13027454682,189.3325,216.286931818182,2011-04-10,"6324"
"206",329.54119021634,188.210714285714,215.012175324675,2011-04-20,"6324"
"207",331.55678402994,183.972857142857,210.196428571429,2011-04-30,"6324"
"208",332.96769969946,181.853928571429,207.788555194805,2011-05-10,"6324"
"209",334.37861536898,188.210714285714,215.012175324675,2011-05-21,"6324"
"210",335.78953103851,183.972857142857,210.196428571429,2011-05-31,"6324"
"211",337.20044670803,181.853928571429,207.788555194805,2011-06-10,"6324"
"212",338.61136237755,175.247857142857,200.281655844156,2011-06-20,"6324"
"213",340.02227804707,171.8825,197.566091954023,2011-06-30,"6324"
"214",341.43319371659,172.007142857143,197.709359605911,2011-07-11,"6324"
"215",343.44878753019,172.131785714286,197.8526272578,2011-07-21,"6324"
"216",344.86810150727,172.256428571429,197.995894909688,2011-07-31,"6324"
"217",346.27901717679,172.256428571429,197.995894909688,2011-08-10,"6324"
"218",347.68993284631,172.256428571429,197.995894909688,2011-08-20,"6324"
"219",349.50396727856,183.474285714286,209.62987012987,2011-08-31,"6324"
"220",350.91488294808,188.958571428571,215.862012987013,2011-09-10,"6324"
"221",352.3257986176,191.825357142857,219.119724025974,2011-09-20,"6324"
"222",353.73671428712,193.196428571429,220.67775974026,2011-09-30,"6324"
"223",355.75230810072,195.813928571429,223.652191558442,2011-10-10,"6324"
"224",357.16322377024,197.060357142857,225.068587662338,2011-10-20,"6324"
"225",358.57413943976,197.683571428571,225.776785714286,2011-10-31,"6324"
"226",359.98505510928,198.0575,226.201704545455,2011-11-10,"6324"
"227",361.79908954153,198.182142857143,226.343344155844,2011-11-20,"6324"
"228",363.21000521105,192.697857142857,220.111201298701,2011-11-30,"6324"
"229",364.62092088057,188.086071428571,214.870535714286,2011-12-10,"6324"
"230",366.03183655009,185.717857142857,212.179383116883,2011-12-21,"6324"
"231",368.04743036369,179.236428571429,204.814123376623,2011-12-31,"6324"
"232",369.45834603321,179.859642857143,205.522321428571,2012-01-10,"6324"
"233",370.86926170273,188.335357142857,215.153814935065,2012-01-20,"6324"
"234",372.28017737226,180.108928571429,205.805600649351,2012-01-30,"6324"
"235",374.29577118586,175.995714285714,201.131493506494,2012-02-10,"6324"
"236",375.70668685538,185.094642857143,211.471185064935,2012-02-20,"6324"
"237",377.1176025249,188.335357142857,215.153814935065,2012-03-01,"6324"
"238",378.52851819442,179.984285714286,205.663961038961,2012-03-11,"6324"
"239",380.34255262666,168.267857142857,193.411330049261,2012-03-21,"6324"
"240",381.74506998863,162.409642857143,186.677750410509,2012-03-31,"6324"
"241",383.15598565815,157.673214285714,181.233579638752,2012-04-11,"6324"
"242",384.56690132767,155.305,178.511494252874,2012-04-21,"6324"
"243",387.99341081079,154.058571428571,177.07881773399,2012-05-01,"6324"
"244",389.40432648031,153.435357142857,176.362479474548,2012-05-11,"6324"
"245",390.81524214984,153.186071428571,176.075944170772,2012-05-21,"6324"
"246",392.62927658208,153.061428571429,175.932676518883,2012-06-01,"6324"
"247",394.0401922516,152.936785714286,175.789408866995,2012-06-11,"6324"
"248",395.45110792112,169.638928571429,194.987274220033,2012-06-21,"6324"
"249",396.86202359064,181.729285714286,207.646915584416,2012-07-01,"6324"
"250",398.87761740424,187.836785714286,214.587256493507,2012-07-11,"6324"
"251",400.28853307376,190.828214285714,217.986607142857,2012-07-22,"6324"
"252",401.69944874329,190.454285714286,217.561688311688,2012-08-01,"6324"
"253",403.11036441281,195.938571428571,223.793831168831,2012-08-11,"6324"
"254",405.12595822641,202.295357142857,231.017451298701,2012-08-21,"6324"
"255",406.53687389593,199.927142857143,228.326298701299,2012-08-31,"6324"
"256",407.94778956545,198.805357142857,227.051542207792,2012-09-10,"6324"
"257",409.35870523497,198.182142857143,226.343344155844,2012-09-21,"6324"
"258",410.76962090449,197.808214285714,225.918425324675,2012-10-01,"6324"
"259",412.18053657401,199.553214285714,227.90137987013,2012-10-11,"6324"
"260",413.59145224354,200.425714285714,228.892857142857,2012-10-21,"6324"
"261",415.00236791306,189.706428571429,216.711850649351,2012-10-31,"6324"
"262",417.01796172666,184.346785714286,210.621347402597,2012-11-11,"6324"
"263",418.43727570374,181.604642857143,207.505275974026,2012-11-21,"6324"
"264",419.84819137326,180.233571428571,205.94724025974,2012-12-01,"6324"
"265",421.25910704278,187.088928571429,213.737418831169,2012-12-11,"6324"
"266",423.07314147502,190.454285714286,217.561688311688,2012-12-21,"6324"
"267",424.48405714454,192.199285714286,219.544642857143,2013-01-01,"6324"
"268",425.89497281406,192.947142857143,220.394480519481,2013-01-11,"6324"
"269",427.30588848359,191.576071428571,218.836444805195,2013-01-21,"6324"
"270",429.32148229719,190.828214285714,217.986607142857,2013-01-31,"6324"
"271",430.73239796671,192.323928571429,219.686282467533,2013-02-10,"6324"
"272",432.14331363623,191.202142857143,218.411525974026,2013-02-20,"6324"
"273",433.55422930575,190.703571428571,217.844967532468,2013-03-03,"6324"
"274",435.36826373799,190.454285714286,217.561688311688,2013-03-13,"6324"
"275",436.77917940751,182.851071428571,208.921672077922,2013-03-23,"6324"
"276",438.19009507704,190.205,217.278409090909,2013-04-02,"6324"
"277",439.60101074656,193.819642857143,221.385957792208,2013-04-12,"6324"
"278",441.61660456016,195.689285714286,223.510551948052,2013-04-23,"6324"
"279",443.02752022968,198.556071428571,226.768262987013,2013-05-03,"6324"
"280",444.4384358992,199.927142857143,228.326298701299,2013-05-13,"6324"
"281",445.84935156872,198.680714285714,226.909902597403,2013-05-23,"6324"
"282",447.86494538232,198.182142857143,226.343344155844,2013-06-02,"6324"
"283",449.27586105185,197.808214285714,225.918425324675,2013-06-13,"6324"
"284",450.68677672137,197.683571428571,225.776785714286,2013-06-23,"6324"
"285",452.09769239089,197.683571428571,225.776785714286,2013-07-03,"6324"
"286",453.91172682313,195.689285714286,223.510551948052,2013-07-13,"6324"
"287",455.31424418509,194.816785714286,222.519074675325,2013-07-23,"6324"
"288",456.72515985462,194.318214285714,221.952516233766,2013-08-02,"6324"
"289",458.13607552414,194.068928571429,221.669237012987,2013-08-13,"6324"
"290",460.15166933774,190.205,217.278409090909,2013-08-23,"6324"
"291",461.56258500726,192.074642857143,219.403003246753,2013-09-02,"6324"
"292",462.97350067678,204.165,233.142045454545,2013-09-12,"6324"
"293",464.3844163463,210.147857142857,239.940746753247,2013-09-22,"6324"
"294",466.19845077854,215.008928571429,245.464691558442,2013-10-03,"6324"
"295",467.60936644806,214.884285714286,245.323051948052,2013-10-13,"6324"
"296",469.02028211759,216.629285714286,247.306006493507,2013-10-23,"6324"
"297",470.43119778711,214.510357142857,244.898133116883,2013-11-02,"6324"
"298",472.44679160071,213.513214285714,243.765016233766,2013-11-12,"6324"
"299",473.85770727023,211.145,241.073863636364,2013-11-23,"6324"
"300",475.26862293975,209.898571428571,239.657467532468,2013-12-03,"6324"
"301",476.67953860927,213.014642857143,243.198457792208,2013-12-13,"6324"
"302",478.69513242287,218.374285714286,249.288961038961,2013-12-23,"6324"
"303",480.1060480924,206.034642857143,235.26663961039,2014-01-02,"6324"
"304",481.51696376192,199.927142857143,228.326298701299,2014-01-12,"6324"
"305",482.92787943144,193.196428571429,220.67775974026,2014-01-23,"6324"
"306",484.54035448232,189.831071428571,216.85349025974,2014-02-02,"6324"
"307",485.95127015184,188.086071428571,214.870535714286,2014-02-12,"6324"
"308",487.36218582136,189.083214285714,216.003652597403,2014-02-22,"6324"
"309",488.77310149088,198.93,227.193181818182,2014-03-04,"6324"
"310",490.78869530449,203.791071428571,232.717126623377,2014-03-15,"6324"
"311",492.20800928156,198.805357142857,227.051542207792,2014-03-25,"6324"
"312",493.61892495109,196.3125,224.21875,2014-04-04,"6324"
"313",495.02984062061,187.5875,214.303977272727,2014-04-14,"6324"
"314",496.84387505285,196.3125,224.21875,2014-04-24,"6324"
"315",498.25479072237,195.066071428571,222.802353896104,2014-05-05,"6324"
"316",499.66570639189,200.051785714286,228.467938311688,2014-05-15,"6324"
"317",501.07662206141,202.544642857143,231.300730519481,2014-05-25,"6324"
"318",503.09221587501,201.921428571429,230.592532467532,2014-06-04,"6324"
"319",504.50313154453,207.156428571429,236.541396103896,2014-06-14,"6324"
"320",505.91404721406,200.550357142857,229.034496753247,2014-06-25,"6324"
"321",507.32496288358,206.533214285714,235.833198051948,2014-07-05,"6324"
"322",509.13899731582,202.046071428571,230.734172077922,2014-07-15,"6324"
"323",510.54991298534,197.932857142857,226.060064935065,2014-07-25,"6324"
"324",511.96082865486,197.808214285714,225.918425324675,2014-08-04,"6324"
"325",513.37174432438,206.907142857143,236.258116883117,2014-08-14,"6324"
"326",515.38733813798,202.295357142857,231.017451298701,2014-08-25,"6324"
"327",516.79825380751,199.927142857143,228.326298701299,2014-09-04,"6324"
"328",518.20916947703,193.196428571429,220.67775974026,2014-09-14,"6324"
"329",519.62008514655,189.831071428571,216.85349025974,2014-09-24,"6324"
"330",521.63567896015,188.086071428571,214.870535714286,2014-10-04,"6324"
"331",523.04659462967,217.003214285714,247.730925324675,2014-10-15,"6324"
"332",524.45751029919,227.7225,259.911931818182,2014-10-25,"6324"
"333",525.86842596871,233.206785714286,266.144074675325,2014-11-04,"6324"
"334",527.68246040096,220.991785714286,252.263392857143,2014-11-14,"6324"
"335",529.08497776292,214.884285714286,245.323051948052,2014-11-24,"6324"
"336",530.49589343244,211.768214285714,241.782061688312,2014-12-05,"6324"
"337",531.90680910196,206.533214285714,235.833198051948,2014-12-15,"6324"
"338",533.92240291556,203.915714285714,232.858766233766,2014-12-25,"6324"
"339",535.33331858509,202.544642857143,231.300730519481,2015-01-04,"6324"
"340",536.74423425461,209.4,239.090909090909,2015-01-14,"6324"
"341",538.15514992413,212.765357142857,242.915178571429,2015-01-24,"6324"
"342",539.96918435637,207.031785714286,236.399756493507,2015-02-04,"6324"
"343",541.38010002589,215.382857142857,245.88961038961,2015-02-14,"6324"
"344",542.79101569541,219.496071428571,250.563717532468,2015-02-24,"6324"
"345",544.20193136493,221.615,252.971590909091,2015-03-06,"6324"
"346",546.21752517854,222.612142857143,254.104707792208,2015-03-16,"6324"
"347",547.62844084806,223.110714285714,254.671266233766,2015-03-27,"6324"
"348",549.03935651758,215.881428571429,246.456168831169,2015-04-06,"6324"
"349",550.4502721871,210.521785714286,240.365665584416,2015-04-16,"6324"
"350",552.4658660007,207.779642857143,237.249594155844,2015-04-26,"6324"
"351",553.87678167022,204.538928571429,233.566964285714,2015-05-06,"6324"
"352",555.28769733974,204.788214285714,233.850243506493,2015-05-17,"6324"
"353",556.69861300927,203.043214285714,231.867288961039,2015-05-27,"6324"
"354",558.10952867879,198.431428571429,226.626623376623,2015-06-06,"6324"
"355",559.52044434831,196.187857142857,224.07711038961,2015-06-16,"6324"
"356",560.93136001783,194.941428571429,222.660714285714,2015-06-26,"6324"
"357",562.34227568735,198.182142857143,226.343344155844,2015-07-06,"6324"
"358",564.35786950095,201.5475,230.167613636364,2015-07-17,"6324"
"359",565.77718347803,203.2925,232.150568181818,2015-07-27,"6324"
"360",567.18809914755,206.034642857143,235.26663961039,2015-08-06,"6324"
"361",568.59901481707,207.405714285714,236.824675324675,2015-08-16,"6324"
"362",570.41304924931,208.028928571429,237.532873376623,2015-08-26,"6324"
"363",571.82396491884,208.402857142857,237.957792207792,2015-09-06,"6324"
"364",573.23488058836,208.5275,238.099431818182,2015-09-16,"6324"
"365",574.64579625788,208.652142857143,238.241071428571,2015-09-26,"6324"
"366",576.66139007148,208.652142857143,238.241071428571,2015-10-06,"6324"
"367",578.072305741,208.776785714286,238.382711038961,2015-10-16,"6324"
"368",579.48322141052,208.776785714286,238.382711038961,2015-10-27,"6324"
"369",580.89413708004,201.298214285714,229.884334415584,2015-11-06,"6324"
"370",582.70817151229,208.776785714286,238.382711038961,2015-11-16,"6324"
"371",584.11908718181,212.516071428571,242.631899350649,2015-11-26,"6324"
"372",585.53000285133,214.261071428571,244.614853896104,2015-12-06,"6324"
"373",586.94091852085,207.779642857143,237.249594155844,2015-12-16,"6324"
"374",588.95651233445,204.538928571429,233.566964285714,2015-12-27,"6324"
"375",590.36742800397,232.708214285714,265.577516233766,2016-01-06,"6324"
"376",591.77834367349,228.221071428571,260.47849025974,2016-01-16,"6324"
"377",593.18925934301,222.238214285714,253.679788961039,2016-01-26,"6324"
"378",595.20485315662,219.122142857143,250.138798701299,2016-02-05,"6324"
"379",596.61576882614,217.626428571429,248.439123376623,2016-02-16,"6324"
"380",598.02668449566,220.617857142857,251.838474025974,2016-02-26,"6324"
"381",599.43760016518,222.113571428571,253.538149350649,2016-03-07,"6324"
"382",601.25163459742,222.861428571429,254.387987012987,2016-03-17,"6324"
"383",602.65415195939,212.142142857143,242.206980519481,2016-03-27,"6324"
"384",604.06506762891,214.136428571429,244.473214285714,2016-04-07,"6324"
"385",605.47598329843,211.394285714286,241.357142857143,2016-04-17,"6324"
"386",607.49157711203,210.147857142857,239.940746753247,2016-04-27,"6324"
"387",608.90249278155,209.4,239.090909090909,2016-05-07,"6324"
"388",610.31340845107,209.026071428571,238.66599025974,2016-05-17,"6324"
"389",611.72432412059,208.901428571429,238.524350649351,2016-05-27,"6324"
"390",613.53835855284,208.776785714286,238.382711038961,2016-06-07,"6324"
"391",614.94927422236,208.776785714286,238.382711038961,2016-06-17,"6324"
"392",616.36018989188,218.125,249.005681818182,2016-06-27,"6324"
"393",617.7711055614,222.736785714286,254.246347402597,2016-07-07,"6324"
"394",619.786699375,226.226785714286,258.212256493507,2016-07-17,"6324"
"395",621.19761504452,227.971785714286,260.195211038961,2016-07-28,"6324"
"396",622.60853071404,222.612142857143,254.104707792208,2016-08-07,"6324"
"397",624.01944638357,219.87,250.988636363636,2016-08-17,"6324"
"398",626.03504019717,218.498928571429,249.430600649351,2016-08-27,"6324"
"399",627.44595586669,217.875714285714,248.722402597403,2016-09-06,"6324"
"400",628.85687153621,213.7625,244.048295454545,2016-09-17,"6324"
"401",630.26778720573,211.768214285714,241.782061688312,2016-09-27,"6324"
"402",631.67870287525,210.771071428571,240.648944805195,2016-10-07,"6324"
"403",633.08961854477,210.2725,240.082386363636,2016-10-17,"6324"
"404",634.5005342143,210.023214285714,239.799107142857,2016-10-27,"6324"
"405",635.91144988382,221.116428571429,252.405032467532,2016-11-06,"6324"
"406",637.92704369742,226.600714285714,258.637175324675,2016-11-17,"6324"
"407",639.3463576745,229.342857142857,261.753246753247,2016-11-27,"6324"
"408",640.75727334402,217.626428571429,248.439123376623,2016-12-07,"6324"
"409",642.16818901354,213.7625,244.048295454545,2016-12-17,"6324"
"410",643.98222344578,198.680714285714,226.909902597403,2016-12-27,"6324"
"411",645.3931391153,191.202142857143,218.411525974026,2017-01-07,"6324"
"412",646.80405478482,185.593214285714,212.037743506494,2017-01-17,"6324"
"413",648.21497045434,182.726428571429,208.780032467532,2017-01-27,"6324"
"414",650.23056426795,181.355357142857,207.221996753247,2017-02-06,"6324"
"415",651.64147993747,180.732142857143,206.513798701299,2017-02-16,"6324"
"416",653.05239560699,181.978571428571,207.930194805195,2017-02-27,"6324"
"417",654.46331127651,182.601785714286,208.638392857143,2017-03-09,"6324"
"418",656.27734570875,180.6075,206.372159090909,2017-03-19,"6324"
"419",657.68826137827,179.610357142857,205.239042207792,2017-03-29,"6324"
"420",659.09917704779,175.3725,200.423295454545,2017-04-08,"6324"
"421",660.51009271732,173.253571428571,199.142036124795,2017-04-18,"6324"
"422",662.52568653092,172.131785714286,197.8526272578,2017-04-29,"6324"
"423",663.93660220044,175.3725,200.423295454545,2017-05-09,"6324"
"424",665.34751786996,176.992857142857,202.26461038961,2017-05-19,"6324"
"425",666.75843353948,177.740714285714,203.114448051948,2017-05-29,"6324"
"426",668.77402735308,193.071785714286,220.53612012987,2017-06-08,"6324"
"427",670.1849430226,196.935714285714,224.926948051948,2017-06-19,"6324"
"428",671.59585869213,198.93,227.193181818182,2017-06-29,"6324"
"429",673.00677436165,199.927142857143,228.326298701299,2017-07-09,"6324"
"430",674.82080879389,199.303928571429,227.618100649351,2017-07-19,"6324"
"431",676.22332615585,198.93,227.193181818182,2017-07-29,"6324"
"432",677.63424182537,202.544642857143,231.300730519481,2017-08-09,"6324"
"433",679.0451574949,204.289642857143,233.283685064935,2017-08-19,"6324"
"434",681.0607513085,201.422857142857,230.025974025974,2017-08-29,"6324"
"435",682.47166697802,201.921428571429,230.592532467532,2017-09-08,"6324"
"436",683.88258264754,209.524642857143,239.232548701299,2017-09-18,"6324"
"437",685.29349831706,213.388571428571,243.623376623377,2017-09-29,"6324"
"438",687.1075327493,215.258214285714,245.747970779221,2017-10-09,"6324"
"439",688.51844841882,221.864285714286,253.25487012987,2017-10-19,"6324"
"440",689.92936408835,217.626428571429,248.439123376623,2017-10-29,"6324"
"441",691.34027975787,215.632142857143,246.17288961039,2017-11-08,"6324"
"442",693.35587357147,216.38,247.022727272727,2017-11-18,"6324"
"443",694.76678924099,216.753928571429,247.447646103896,2017-11-29,"6324"
"444",696.17770491051,224.481785714286,256.229301948052,2017-12-09,"6324"
"445",697.58862058003,228.221071428571,260.47849025974,2017-12-19,"6324"
"446",699.60421439363,213.388571428571,243.623376623377,2017-12-29,"6324"
"447",701.01513006316,223.36,254.954545454545,2018-01-08,"6324"
"448",702.42604573268,228.345714285714,260.62012987013,2018-01-19,"6324"
"449",703.8369614022,245.795714285714,280.449675324675,2018-01-29,"6324"
"450",705.24787707172,241.183928571429,275.20900974026,2018-02-08,"6324"
"451",706.65879274124,237.32,270.818181818182,2018-02-18,"6324"
"452",708.06970841076,235.325714285714,268.551948051948,2018-02-28,"6324"
"453",709.48062408028,234.328571428571,267.418831168831,2018-03-11,"6324"
"454",711.49621789388,222.736785714286,254.246347402597,2018-03-21,"6324"
"455",712.91553187096,216.878571428571,247.589285714286,2018-03-31,"6324"
"456",714.32644754048,214.011785714286,244.331574675325,2018-04-10,"6324"
"457",715.73736321001,212.516071428571,242.631899350649,2018-04-20,"6324"
"458",717.55139764225,211.768214285714,241.782061688312,2018-04-30,"6324"
"459",718.96231331177,210.147857142857,239.940746753247,2018-05-11,"6324"
"460",720.37322898129,206.283928571429,235.549918831169,2018-05-21,"6324"
"461",721.78414465081,204.289642857143,233.283685064935,2018-05-31,"6324"
"462",723.79973846441,204.538928571429,233.566964285714,2018-06-10,"6324"
"463",725.21065413393,204.663571428571,233.708603896104,2018-06-20,"6324"
"464",726.62156980346,204.663571428571,233.708603896104,2018-07-01,"6324"
"465",728.03248547298,204.788214285714,233.850243506493,2018-07-11,"6324"
"466",729.84651990522,204.788214285714,233.850243506493,2018-07-21,"6324"
"467",731.25743557474,204.788214285714,233.850243506493,2018-07-31,"6324"
"468",732.66835124426,205.411428571429,234.558441558442,2018-08-10,"6324"
"469",734.07926691378,202.046071428571,230.734172077922,2018-08-21,"6324"
"470",736.09486072738,200.301071428571,228.751217532468,2018-08-31,"6324"
"471",737.5057763969,202.42,231.159090909091,2018-09-10,"6324"
"472",738.91669206643,202.295357142857,231.017451298701,2018-09-20,"6324"
"473",740.32760773595,206.034642857143,235.26663961039,2018-09-30,"6324"
"474",742.34320154955,207.904285714286,237.391233766234,2018-10-10,"6324"
"475",743.75411721907,204.538928571429,233.566964285714,2018-10-21,"6324"
"476",745.16503288859,202.918571428571,231.725649350649,2018-10-31,"6324"
"477",746.57594855811,219.994642857143,251.130275974026,2018-11-10,"6324"
"478",748.38998299035,224.731071428571,256.512581168831,2018-11-20,"6324"
"479",749.79250035232,219.620714285714,250.705357142857,2018-11-30,"6324"
"480",751.20341602184,223.484642857143,255.096185064935,2018-12-11,"6324"
"481",752.61433169136,218.000357142857,248.864042207792,2018-12-21,"6324"
"482",754.62992550496,211.518928571429,241.498782467532,2018-12-31,"6324"
"483",756.04084117448,206.408571428571,235.691558441558,2019-01-10,"6324"
"484",757.45175684401,203.915714285714,232.858766233766,2019-01-20,"6324"
"485",758.86267251353,200.675,229.176136363636,2019-01-31,"6324"
"486",760.67670694577,199.179285714286,227.476461038961,2019-02-10,"6324"
"487",762.08762261529,198.431428571429,226.626623376623,2019-02-20,"6324"
"488",763.49853828481,194.193571428571,221.810876623377,2019-03-02,"6324"
"489",764.90945395433,192.199285714286,219.544642857143,2019-03-12,"6324"
"490",766.92504776793,194.941428571429,222.660714285714,2019-03-22,"6324"
"491",768.33596343746,196.187857142857,224.07711038961,2019-04-02,"6324"
"492",769.74687910698,198.680714285714,226.909902597403,2019-04-12,"6324"
"493",771.1577947765,199.8025,228.184659090909,2019-04-22,"6324"
"494",773.1733885901,200.425714285714,228.892857142857,2019-05-02,"6324"
"495",774.58430425962,200.675,229.176136363636,2019-05-12,"6324"
"496",775.99521992914,206.283928571429,235.549918831169,2019-05-23,"6324"
"497",777.40613559866,207.904285714286,237.391233766234,2019-06-02,"6324"
"498",779.01861064955,210.646428571429,240.507305194805,2019-06-12,"6324"
"499",780.42952631907,223.110714285714,254.671266233766,2019-06-22,"6324"
"500",781.84044198859,221.988928571429,253.39650974026,2019-07-02,"6324"
"501",783.25135765811,221.365714285714,252.688311688312,2019-07-13,"6324"
"502",785.26695147171,221.116428571429,252.405032467532,2019-07-23,"6324"
"503",786.68626544879,220.991785714286,252.263392857143,2019-08-02,"6324"
"504",788.09718111831,235.699642857143,268.976866883117,2019-08-12,"6324"
"505",789.50809678783,243.178214285714,277.475243506494,2019-08-22,"6324"
"506",791.32213122007,246.9175,281.724431818182,2019-09-01,"6324"
"507",792.73304688959,248.6625,283.707386363636,2019-09-12,"6324"
"508",794.14396255912,249.659642857143,284.840503246753,2019-09-22,"6324"
"509",795.55487822864,250.158214285714,285.407061688312,2019-10-02,"6324"
"510",797.57047204224,220.493214285714,251.696834415584,2019-10-12,"6324"
"511",798.98138771176,207.655,237.107954545455,2019-10-22,"6324"
"512",800.39230338128,201.173571428571,229.742694805195,2019-11-02,"6324"
"513",801.8032190508,196.063214285714,223.935470779221,2019-11-12,"6324"
"514",803.61725348304,193.570357142857,221.102678571429,2019-11-22,"6324"
"515",805.02816915257,192.323928571429,219.686282467533,2019-12-02,"6324"
"516",806.43908482209,191.576071428571,218.836444805195,2019-12-12,"6324"
"517",807.85000049161,189.581785714286,216.570211038961,2019-12-23,"6324"
"518",809.86559430521,188.46,215.295454545455,2020-01-02,"6324"
"519",811.27650997473,199.054642857143,227.334821428571,2020-01-12,"6324"
"520",812.68742564425,211.892857142857,241.923701298701,2020-01-22,"6324"
"521",814.09834131377,218.249642857143,249.147321428571,2020-02-01,"6324"
"522",816.11393512738,221.490357142857,252.829951298701,2020-02-11,"6324"
"523",817.5248507969,223.110714285714,254.671266233766,2020-02-22,"6324"
"524",818.93576646642,201.5475,230.167613636364,2020-03-03,"6324"
"525",820.34668213594,196.3125,224.21875,2020-03-13,"6324"
"526",822.16071656818,193.695,221.244318181818,2020-03-23,"6324"
"527",823.56323393015,192.448571428571,219.827922077922,2020-04-02,"6324"
"528",824.97414959967,199.179285714286,227.476461038961,2020-04-13,"6324"
"529",826.38506526919,202.669285714286,231.44237012987,2020-04-23,"6324"
"530",828.40065908279,207.655,237.107954545455,2020-05-03,"6324"
"531",829.81157475231,208.776785714286,238.382711038961,2020-05-13,"6324"
"532",831.22249042183,211.145,241.073863636364,2020-05-23,"6324"
"533",832.63340609135,212.391428571429,242.49025974026,2020-06-03,"6324"
"534",834.4474405236,207.405714285714,236.824675324675,2020-06-13,"6324"
"535",835.85835619312,204.788214285714,233.850243506493,2020-06-23,"6324"
"536",837.26927186264,206.533214285714,235.833198051948,2020-07-03,"6324"
"537",838.68018753216,206.283928571429,235.549918831169,2020-07-13,"6324"
"538",840.69578134576,206.159285714286,235.408279220779,2020-07-24,"6324"
"539",842.10669701528,206.159285714286,235.408279220779,2020-08-03,"6324"
"540",843.5176126848,202.295357142857,231.017451298701,2020-08-13,"6324"
"541",844.92852835433,204.165,233.142045454545,2020-08-23,"6324"
"542",846.94412216793,205.162142857143,234.275162337662,2020-09-02,"6324"
"543",848.35503783745,207.405714285714,236.824675324675,2020-09-12,"6324"
"544",849.76595350697,225.229642857143,257.07913961039,2020-09-23,"6324"
"545",851.17686917649,234.079285714286,267.135551948052,2020-10-03,"6324"
"546",852.58778484601,238.566428571429,272.234577922078,2020-10-13,"6324"
"547",853.99870051553,240.685357142857,274.642451298701,2020-10-23,"6324"
"548",855.40961618505,241.807142857143,275.917207792208,2020-11-02,"6324"
"549",856.82053185458,242.430357142857,276.625405844156,2020-11-13,"6324"
"550",858.83612566818,234.453214285714,267.560470779221,2020-11-23,"6324"
"551",860.25543964526,226.974642857143,259.062094155844,2020-12-03,"6324"
"552",861.66635531478,218.374285714286,249.288961038961,2020-12-13,"6324"
"553",863.0772709843,214.011785714286,244.331574675325,2020-12-23,"6324"
"554",864.89130541654,217.875714285714,248.722402597403,2021-01-03,"6324"
"555",866.30222108606,219.745357142857,250.846996753247,2021-01-13,"6324"
"556",867.71313675558,220.7425,251.980113636364,2021-01-23,"6324"
"557",869.1240524251,229.093571428571,261.469967532468,2021-02-02,"6324"
"558",871.13964623871,233.082142857143,266.002435064935,2021-02-12,"6324"
"559",872.55056190823,239.065,272.801136363636,2021-02-22,"6324"
"560",878.59734334903,239.812857142857,273.650974025974,2021-03-05,"6324"
"561",880.00825901855,241.433214285714,275.492288961039,2021-03-15,"6324"
"562",881.41917468807,242.181071428571,276.342126623377,2021-03-25,"6324"
"563",883.43476850168,243.552142857143,277.900162337662,2021-04-04,"6324"
"564",884.8456841712,244.3,278.75,2021-04-14,"6324"
"565",886.25659984072,244.673928571429,279.174918831169,2021-04-25,"6324"
"566",887.66751551024,277.579642857143,317.90763546798,2021-05-05,"6324"
"567",889.68310932384,275.460714285714,315.472085385878,2021-05-15,"6324"
"568",891.09402499336,255.6425,291.639204545455,2021-05-25,"6324"
"569",892.50494066288,236.4475,269.826704545455,2021-06-04,"6324"
"570",893.91585633241,232.334285714286,265.152597402597,2021-06-15,"6324"
"571",895.72989076465,230.589285714286,263.169642857143,2021-06-25,"6324"
"572",897.13240812661,231.461785714286,264.16112012987,2021-07-05,"6324"
"573",898.54332379613,231.960357142857,264.727678571429,2021-07-15,"6324"
"574",899.95423946565,230.34,262.886363636364,2021-07-25,"6324"
"575",901.96983327926,229.592142857143,262.036525974026,2021-08-04,"6324"
"576",903.38074894878,229.093571428571,261.469967532468,2021-08-15,"6324"
"577",904.7916646183,228.968928571429,261.328327922078,2021-08-25,"6324"
"578",906.20258028782,228.844285714286,261.186688311688,2021-09-04,"6324"
"579",908.01661472006,241.807142857143,275.917207792208,2021-09-14,"6324"
"580",910.8384460591,268.73,307.735632183908,2021-09-24,"6324"
"581",912.24936172863,282.191428571429,323.208538587849,2021-10-05,"6324"
"582",914.26495554223,288.922142857143,330.944991789819,2021-10-15,"6324"
"583",915.67587121175,292.2875,334.813218390805,2021-10-25,"6324"
"584",917.08678688127,294.0325,336.818965517241,2021-11-04,"6324"
"585",918.49770255079,289.296071428571,331.374794745484,2021-11-14,"6324"
"586",920.51329636439,292.412142857143,334.956486042693,2021-11-25,"6324"
"587",921.92421203391,294.0325,336.818965517241,2021-12-05,"6324"
"588",923.33512770344,294.157142857143,336.96223316913,2021-12-15,"6324"
"589",924.74604337296,294.157142857143,336.96223316913,2021-12-25,"6324"
"590",926.15695904248,294.157142857143,336.96223316913,2022-01-04,"6324"
"591",927.567874712,298.644285714286,342.11986863711,2022-01-14,"6324"
"592",928.97879038152,300.887857142857,344.6986863711,2022-01-25,"6324"
"593",930.38970605104,288.922142857143,330.944991789819,2022-02-04,"6324"
"594",932.40529986464,282.066785714286,323.065270935961,2022-02-14,"6324"
"595",933.82461384172,278.701428571429,319.197044334975,2022-02-24,"6324"
"596",935.23552951124,276.956428571429,317.191297208539,2022-03-06,"6324"
"597",936.64644518076,276.083928571429,316.18842364532,2022-03-17,"6324"
"598",938.46047961301,290.5425,332.807471264368,2022-03-27,"6324"
"599",939.87139528253,282.191428571429,323.208538587849,2022-04-06,"6324"
"600",941.28231095205,261.999285714286,298.862824675325,2022-04-16,"6324"
"601",942.69322662157,251.903214285714,287.390016233766,2022-04-26,"6324"
"602",944.70882043517,246.9175,281.724431818182,2022-05-07,"6324"
"603",946.11973610469,266.611071428571,305.300082101806,2022-05-17,"6324"
"604",947.53065177421,267.234285714286,306.016420361248,2022-05-27,"6324"
"605",948.94156744374,267.483571428571,306.302955665025,2022-06-06,"6324"
"606",950.75560187598,265.863214285714,304.440476190476,2022-06-16,"6324"
"607",952.1665175455,285.432142857143,326.933497536946,2022-06-26,"6324"
"608",953.57743321502,295.154285714286,338.108374384236,2022-07-07,"6324"
"609",954.98834888454,290.667142857143,332.950738916256,2022-07-17,"6324"
"610",957.00394269814,288.298928571429,330.228653530378,2022-07-27,"6324"
"611",958.41485836766,292.910714285714,335.529556650246,2022-08-06,"6324"
"612",959.82577403719,291.913571428571,334.38341543514,2022-08-16,"6324"
"613",961.23668970671,292.661428571429,335.24302134647,2022-08-27,"6324"
"614",963.25228352031,292.910714285714,335.529556650246,2022-09-06,"6324"
"615",964.66319918983,289.794642857143,331.947865353038,2022-09-16,"6324"
"616",973.52341366212,290.417857142857,332.664203612479,2022-09-26,"6324"
"617",975.53900747572,290.667142857143,332.950738916256,2022-10-06,"6324"
"618",976.94992314524,290.916428571429,333.237274220033,2022-10-17,"6324"
"619",981.58578891653,291.041071428571,333.380541871921,2022-10-27,"6324"
"620",982.99670458605,258.384642857143,294.755275974026,2022-11-06,"6324"
"621",984.40762025557,245.795714285714,280.449675324675,2022-11-16,"6324"
"622",989.24504540822,248.787142857143,283.849025974026,2022-11-26,"6324"
"623",990.65596107774,250.282857142857,285.548701298701,2022-12-06,"6324"
"624",992.06687674726,243.552142857143,277.900162337662,2022-12-17,"6324"
"625",994.08247056086,244.673928571429,279.174918831169,2022-12-27,"6324"
"626",995.49338623038,245.297142857143,279.883116883117,2023-01-06,"6324"
"627",996.9043018999,245.546428571429,280.166396103896,2023-01-16,"6324"
"628",998.31521756942,245.671071428571,280.308035714286,2023-01-26,"6324"
"629",999.72613323894,245.671071428571,280.308035714286,2023-02-06,"6324"
"630",1001.1370489085,245.795714285714,280.449675324675,2023-02-16,"6324"
"631",1002.547964578,245.795714285714,280.449675324675,2023-02-26,"6324"
"632",1003.9588802475,245.795714285714,280.449675324675,2023-03-08,"6324"
"633",1005.9744740611,242.430357142857,276.625405844156,2023-03-18,"6324"
"634",1007.3937880382,240.81,274.784090909091,2023-03-29,"6324"
"635",1008.8047037077,245.297142857143,279.883116883117,2023-04-08,"6324"
"636",1010.2156193772,247.540714285714,282.43262987013,2023-04-18,"6324"
"637",1012.0296538095,242.430357142857,276.625405844156,2023-04-28,"6324"
"638",1013.440569479,246.169642857143,280.874594155844,2023-05-08,"6324"
"639",1014.8514851485,248.039285714286,282.999188311688,2023-05-19,"6324"
